Workbook

Sheet راهنما
A1: راهنمای استفاده از این فایل
A3: موضوع | B3: توافق Fit-Gap پایلوت صدای کارکنان (EX) — MCINEXT × اداره تجربه کارکنان همراه اول
A4: تعداد نیازمندی | B4: ۸۷ ردیف در ۸ بلوک
A5: مبنای ستون «وضعیت تأییدشده» | B5: خوانش مستقیم کد مخزن phoenix — فقط پروژه‌های پایتونِ فعال در ۳ ماه گذشته
A6: تاریخ بررسی کد | B6: ۱۴۰۵/۰۷/۰۶ — معادل 2026-09-28
A7: دامنه بررسی | B7: coa-api, aiva, adcs, aqa, chatbot-iva-agent, agentlib, adcs-auth, adcs-knowledgebase, aiva-knowledgebase, fastlib
A8: خارج از دامنه | B8: python/coa-ai — موتور تحلیل احساسات/خلاصه/موضوع. آخرین کامیت 2025-07-13 (۱۴ ماه فریز)
A10: ستون‌هایی که شما پر می‌کنید | B10: «اولویت EX» را EX پر می‌کند. «ددلاین نهایی» را شما بر اساس ستون «ددلاین پیشنهادی» تثبیت می‌کنید.
A11: قاعده ددلاین | B11: هیچ تاریخ تقویمی ننویسید. بنویسید «T + n روز کاری از دریافت [ورودی مشخص]». مبنای این قاعده معیار پذیرش خودِ ردیف TEC-14 است.
A13: معنای رنگ‌ها
A14: سبز — تأییدشده | B14: در کد پیدا شد و کار می‌کند. قابل دفاع در UAT.
A15: زرد — جزئی | B15: بخشی پیاده شده. بدون توضیح، در UAT رد می‌شود.
A16: قرمز — رد شد | B16: ادعای توافق با کد نمی‌خواند. پیش از جلسه اصلاح کنید.
A17: طوسی — غایب | B17: هیچ کدی وجود ندارد. توسعه واقعی لازم است.
A18: آبی — خالی | B18: ستون در توافق خالی مانده و باید پر شود.
A19: بدون رنگ — تنظیم/زیرساخت | B19: کد لازم نیست؛ Configuration یا فرایند است.
A21: نمونه سطر پرشده | B21: مثال: PRV-03 | ادعا: موجود در محصول | تأییدشده: رد شد | شاهد: coa/apps/files/views.py:19 | ددلاین: پیش از UAT، T+3 روز کاری

Sheet ردیف‌ها
A1: بلوک | B1: ID | C1: نیازمندی | D1: شرح نیاز / رفتار مورد انتظار | E1: سناریو یا معیار پذیرش | F1: اولویت EX | G1: وضعیت اعلامی MCINEXT | H1: وضعیت تأییدشده با کد | I1: شاهد در کد (file:line) | J1: اطمینان | K1: مالک وابستگی | L1: ددلاین پیشنهادی | M1: اقدام لازم / ریسک | N1: توضیحات فنی توافق | O1: ددلاین نهایی
A2: 1. Voice Intake & Access | B2: VIA-01 | C2: سرشماره / کانال صوتی Inbound | D2: یک کانال صوتی مشخص برای EX ایجاد شود تا کارکنان Whitelist‌شده بتوانند مستقیماً با AI تماس بگیرند. کانال باید مستقل از محیط عمومی Contact Center قابل استفاده و قابل ردیابی باشد. | E2: شماره پایلوت از یک شماره مجاز تماس می‌گیرد و بدون اپراتور انسانی وارد مکالمه AI می‌شود. | G2: نیازمند تنظیم / Configuration | H2: تنظیم / زیرساخت | I2: chatbot-iva-agent/src/config.py (AGENT_SIP_*, AGENT_ORIGINAL_CALL_ID_FALLBACK); src/entrypoint.py | J2: قطعی | K2: MCINEXT + MCI-IT | L2: T+5 روز کاری پس از تخصیص سرشماره و Virtual IP | M2: مسیر SIP و هدرهای x-originalcallid/city_code پیاده‌سازی شده؛ فقط تخصیص سرشماره و اتصال Kamailio باقی است
A3: 1. Voice Intake & Access | B3: VIA-02 | C3: Whitelist کارکنان MCI | D3: فقط شماره‌های متعلق به کارکنان با قرارداد MCI که در دیتاست تأییدشده قرار دارند اجازه ورود به سرویس پایلوت را داشته باشند. | E3: تماس شماره داخل Whitelist وارد سرویس می‌شود؛ شماره خارج از Whitelist وارد Flow اصلی نمی‌شود. | G3: نیازمند تنظیم / Configuration | H3: جزئی | I3: aiva/memory/config.py:20-21 (PHONE_WHITELIST=[], BYPASS_WHITELIST=True); aiva_consume_kafka.py:310 | J3: قطعی | K3: MCINEXT | L3: T+7 روز کاری پس از دریافت دیتاست شماره‌ها از EX | M3: ⚠️ Whitelist موجود فقط «جمع‌آوری memory» را گیت می‌کند، نه «ورود تماس». گیت پذیرش تماس باید در لایه SIP اضافه شود. ضمناً BYPASS_WHITELIST پیش‌فرض True است
A4: 1. Voice Intake & Access | B4: VIA-03 | C4: رفتار برای شماره خارج از Whitelist | D4: برای شماره غیرمجاز رفتار شفاف و کنترل‌شده تعریف شود؛ مانند پیام کوتاه عدم دسترسی، بدون افشای اطلاعات داخلی یا ایجاد رکورد تحلیلی اشتباه. | E4: یک شماره غیرمجاز تست شود و پیام صحیح دریافت کند؛ تماس به‌عنوان Voice کارکنان ثبت نشود. | G4: نیازمند بررسی فنی | H4: غایب | I4: جست‌وجو در ۸ سرویس: هیچ مسیر رد تماس غیرمجاز یافت نشد | J4: قطعی | K4: MCINEXT | L4: T+5 روز کاری پس از تعریف پیام توسط EX | M4: نیاز به پیام کوتاه و مسیر قطع در لایه SIP/Agent، بدون ایجاد رکورد تحلیلی
A5: 1. Voice Intake & Access | B5: VIA-04 | C5: دریافت شماره تماس به‌عنوان کلید Mapping | D5: شماره تماس صرفاً برای شناسایی رکورد کارمند و اتصال Context سازمانی دریافت شود؛ شماره نباید به‌صورت پیش‌فرض در Dashboard تحلیلی دیده شود. | E5: شماره کارمند به رکورد صحیح Mapping می‌شود ولی در View تحلیلی نام/شماره نمایش داده نمی‌شود. | G5: نیازمند توسعه / Customization | H5: جزئی | I5: chatbot-iva-agent/src/schema.py (phone_number); coa/apps/main/models.py:381 (user_num) | J5: قطعی | K5: MCINEXT | L5: T+10 روز کاری پس از تصمیم سیاست هویت | M5: شماره هم در payload کافکا و هم در DB به‌صورت plaintext ذخیره می‌شود؛ پنهان‌سازی در Serializer/View نیازمند توسعه است
A6: 1. Voice Intake & Access | B6: VIA-05 | C6: Mapping شماره به اطلاعات سازمانی | D6: سیستم بتواند از طریق دیتاست مورد تأیید، شماره را به اطلاعات لازم سازمانی مانند معاونت، اداره کل و اداره متصل کند. | E6: یک تماس آزمایشی در تحلیل با Segment سازمانی صحیح نمایش داده شود. | G6: نیازمند توسعه / Customization | H6: غایب | I6: هیچ جدول Mapping شماره→ساختار سازمانی یافت نشد | J6: قطعی | K6: مشترک (دیتاست از EX) | L6: T+10 روز کاری پس از دریافت دیتاست سازمانی | M6: نیاز به مدل داده Mapping (معاونت/اداره کل/اداره) + سرویس Lookup
A7: 1. Voice Intake & Access | B7: VIA-06 | C7: ثبت Metadata تماس | D7: برای هر تماس شناسه یکتا، تاریخ و ساعت، مدت تماس و وضعیت تکمیل/قطع تماس ثبت شود تا تحلیل و Audit ممکن باشد. | E7: هر تماس یک Conversation ID یکتا و Metadata کامل قابل مشاهده در Backend داشته باشد. | G7: نیازمند توسعه / Customization | H7: جزئی | I7: chatbot-iva-agent/src/schema.py (session_id, call_id, original_call_id, session_duration, agent_prewarmed/started/ended_time); coa/apps/main/models.py:166 | J7: قطعی | K7: MCINEXT | L7: T+5 روز کاری (تگ تکمیل/قطع: پس از تعریف EX) | M7: شناسه یکتا، زمان و مدت کامل موجود است؛ فقط تگ Incomplete/Complete باقی مانده — بخش عمده این ردیف «موجود» است | N7: برخی موارد مانند شناسه یکتا و تاریخ و ساعت از قبل در سامانه موجود است ولی وضعیت تکمیل یا قطع تماس نیازمند ارائه تعریف مشخص و واضح جهت ایجاد تگ می‌باشد که در فاز فعلی اولویت ندارد. همچنین جستجو روی Metadata نیازمند ارائه نمونه و توسعه از سمت تیم MCINEXT است.
A8: 1. Voice Intake & Access | B8: VIA-07 | C8: مدیریت تماس قطع‌شده یا ناقص | D8: اگر تماس قبل از پایان قطع شد، سیستم آن را Incomplete علامت بزند و فقط بخش واقعاً دریافت‌شده را ذخیره کند؛ AI نباید اطلاعات نگفته را تکمیل یا حدس بزند. | E8: تماس عمداً قطع شود؛ رکورد Incomplete ایجاد شود و Summary ساختگی تولید نشود. | G8: نیازمند بررسی فنی | H8: غایب | I8: هیچ گارد min_duration/min_turns پیش از خلاصه‌سازی یافت نشد | J8: قطعی | K8: MCINEXT | L8: گارد: T+3 روز کاری | تگ Incomplete: پس از تعریف EX | M8: ⚠️ Red Flag: احتمال تولید Summary از تماس قطع‌شده. گارد حداقل مدت/نوبت را همین فاز اضافه کنید حتی اگر تگ به تأخیر بیفتد | N8: وضعیت تکمیل یا قطع تماس نیازمند ارائه تعریف مشخص و واضح جهت ایجاد تگ می‌باشد که در فاز فعلی اولویت ندارد.
A9: 1. Voice Intake & Access | B9: VIA-08 | C9: پایداری و کیفیت سرویس صوتی | D9: کانال در محدوده ظرفیت Pilot باید کیفیت و پایداری کافی داشته باشد و خطاهای اتصال، قطع تماس یا Failure ثبت شوند. | E9: چند تماس متوالی و هم‌زمان Pilot بدون از دست‌رفتن رکورد اجرا شوند و Error Log در دسترس تیم فنی باشد. | G9: موجود در محصول | H9: تأییدشده | I9: chatbot-iva-agent/src/config.py (AGENT_MAX_UNRECOVERABLE_ERRORS, STT/LLM/TTS retry+timeout); src/utils/prometheus_metrics.py; src/utils/apm.py | J9: قطعی | K9: MCINEXT | L9: — | M9: Retry، timeout، Prometheus و Elastic APM کامل است. ظرفیت هم‌زمانی پایلوت باید با Load Test تثبیت شود
A10: 2. Conversation Experience | B10: CON-01 | C10: معرفی کوتاه AI و هدف کانال | D10: در ابتدای تماس AI به‌صورت کوتاه و شفاف خود را معرفی کند و بگوید کانال برای شنیدن تجربه، مسئله، پیشنهاد و سؤال کارکنان است. | E10: Intro کوتاه، قابل فهم و بدون متن حقوقی طولانی اجرا شود. | G10: موجود در محصول | H10: تأییدشده | I10: chatbot-iva-agent/src/config.py (AGENT_GREETING_MESSAGE, AGENT_GREETING_ALLOW_INTERRUPTION) | J10: قطعی | K10: EX (متن) | L10: T+1 روز کاری پس از تأیید متن | M10: متن معرفی کاملاً قابل تنظیم است
A11: 2. Conversation Experience | B11: CON-02 | C11: Privacy Notice کوتاه | D11: در ابتدای تعامل، نحوه کلی استفاده از مکالمه و اینکه داده برای تحلیل تجربه کارکنان استفاده می‌شود به کارمند اعلام شود. | E11: کاربر قبل از بیان محتوای اصلی، Notice تأییدشده EX را می‌شنود. | G11: موجود در محصول | H11: تنظیم | I11: همان AGENT_GREETING_MESSAGE | J11: قطعی | K11: EX | L11: T+1 روز کاری پس از تأیید متن Notice | M11: فقط متن؛ هیچ کد جدیدی لازم نیست
A12: 2. Conversation Experience | B12: CON-03 | C12: شروع Open-ended | D12: مکالمه با یک سؤال باز آغاز شود و کارمند مجبور به انتخاب منو یا طبقه‌بندی Voice خود نباشد. | E12: کارمند بتواند هر موضوعی را با زبان طبیعی مطرح کند بدون اینکه ابتدا Category انتخاب کند. | G12: موجود در محصول | H12: تأییدشده | I12: aiva/prompts/greeting.py; aiva/prompts/react.py | J12: قطعی | K12: — | L12: — | M12: شروع آزاد و بدون منو
A13: 2. Conversation Experience | B13: CON-04 | C13: Follow-up هوشمند در صورت ابهام | D13: AI فقط زمانی سؤال تکمیلی بپرسد که برای فهم موضوع Gap واقعی وجود دارد؛ سؤال باید Neutral، مرتبط و مبتنی بر صحبت قبلی فرد باشد. | E13: برای جمله مبهم «فرایند ارزیابی خوب نیست» AI سؤال روشن‌کننده مرتبط بپرسد. | G13: موجود در محصول | H13: تأییدشده | I13: aiva/chat/handlers/clarifying.py; aiva/chat/handlers/classification.py; aiva/prompts/clarifying_chitchat.py | J13: قطعی | K13: — | L13: — | M13: شاخه clarifying با classifier مستقل؛ معماری در docs/RequestFlow.md
A14: 2. Conversation Experience | B14: CON-05 | C14: عدم تکرار سؤال | D14: AI اطلاعاتی را که کارمند قبلاً در همان Conversation گفته دوباره سؤال نکند و Context مکالمه را حفظ کند. | E14: در سناریوی UAT، اطلاعات گفته‌شده مجدداً درخواست نشود. | G14: موجود در محصول | H14: تأییدشده | I14: aiva/chat/config.py (CHAT_HISTORY_LIMIT=50); docs/RequestFlow.md (ChatContext مشترک) | J14: قطعی | K14: — | L14: — | M14: حفظ Context در طول Conversation ⚠️ AIVA علاوه بر Context تماس، Long-term Memory بین تماس‌ها برای هر شماره می‌سازد (aiva/memory، ChatbotUser.memory) — باید در Notice اعلام یا برای EX خاموش شود.
A15: 2. Conversation Experience | B15: CON-06 | C15: محدودیت Follow-up | D15: مکالمه نباید به مصاحبه طولانی یا بازجویی تبدیل شود. تعداد/منطق Follow-up قابل کنترل باشد و پس از فهم کافی مکالمه جمع‌بندی شود. | E15: برای Conversation عادی، تعداد Follow-up از سقف توافق‌شده در UAT عبور نکند. | G15: موجود در محصول | H15: جزئی | I15: aiva/chat/config.py (REACT_MAX_ITERS=10, AGENT_MAX_HISTORY_TURNS=6) | J15: قطعی | K15: MCINEXT | L15: T+3 روز کاری | M15: سقف حلقه ابزار و تاریخچه موجود است اما «سقف تعداد Follow-up» به‌عنوان پارامتر مستقل وجود ندارد
A16: 2. Conversation Experience | B16: CON-07 | C16: تشخیص Voice کامل و عدم سؤال اضافه | D16: اگر کارمند از ابتدا موضوع، زمان/زمینه و اثر مسئله را روشن توضیح داده، AI فقط به‌دلیل قابلیت مکالمه سؤال اضافه نپرسد. | E16: سناریوی کامل تست شود و Unnecessary Follow-up رخ ندهد. | G16: موجود در محصول | H16: تأییدشده | I16: aiva/prompts/classification.py:88; aiva/prompts/clarifying_chitchat.py:48 | J16: قطعی | K16: — | L16: — | M16: تشخیص Voice کامل در Prompt طبقه‌بندی لحاظ شده
A17: 2. Conversation Experience | B17: CON-08 | C17: Summary Confirmation در صورت امکان | D17: در صورت پشتیبانی محصول، AI بتواند قبل از پایان برداشت کوتاه خود را بازگو کند تا فرد آن را تأیید یا اصلاح کند. | E17: کاربر بتواند Summary را تأیید یا یک نکته مهم را اصلاح کند. | G17: نیازمند تنظیم / Configuration | H17: غایب | I17: — | J17: قطعی | K17: EX (بازتعریف) | L17: معلق تا بازتعریف EX | M17: خود توافق این ردیف را «نیازمند بازبینی» دانسته؛ تعهد ندهید | N17: این مورد به دلیل عدم خوش تعریفی و عدم امکان تعریف روش صحیح سوال پرسیدن در حین تماس، احتیاج به بازبینی دارد.
A18: 2. Conversation Experience | B18: CON-09 | C18: پایان شفاف بدون وعده پیگیری فردی | D18: Closing Message دریافت Voice را تأیید کند، اما چون MVP برای رسیدگی فردی طراحی نشده، SLA یا وعده پاسخ شخصی ایجاد نکند. | E18: هیچ عبارت «ظرف X ساعت پیگیری می‌شود» یا وعده خارج از Scope شنیده نشود. | G18: موجود در محصول | H18: تأییدشده | I18: aiva/chat/config.py (TOOL_CALLING_EXIT_ANSWER, exit_tool); INTENT_AGENT_ENABLED_TOOLS | J18: قطعی | K18: — | L18: — | M18: پایان شفاف بدون وعده SLA
A19: 3. AI Analysis | B19: AI-01 | C19: Speech-to-Text فارسی | D19: مکالمه فارسی با کیفیت قابل قبول به متن تبدیل شود و کیفیت آن روی نوع بیان واقعی کارکنان، نه فقط نمونه‌های استودیویی، سنجیده شود. | E19: مجموعه سناریوهای UAT با لهجه/سرعت طبیعی اجرا و خطاهای STT ثبت شوند. | G19: موجود در محصول | H19: تأییدشده | I19: chatbot-iva-agent/src/utils/stt.py + AGENT_STT_MODEL/BASE_URL; adcs POST /api/v1/chat/asr | J19: قطعی | K19: MCINEXT | L19: — | M19: ⚠️ پیاده‌سازی شده اما WER هرگز اندازه‌گیری نشده. «موجود» یعنی implemented نه measured | N19: این بخش جزئی از کل یک سرویس می‌باشد و بهبود کیفیت بر عهده تیم MCINEXT است و نیازی به بررسی تک تک مکالمات از سوی EX نمی‌باشد.
A20: 3. AI Analysis | B20: AI-02 | C20: Transcript کامل مکالمه | D20: متن Conversation به شکلی قابل بازیابی برای کاربران مجاز ذخیره شود و ارتباط آن با Conversation ID حفظ شود. | E20: Transcript هر تماس تکمیل‌شده در Backend موجود و به تماس صحیح متصل باشد. | G20: فعلاً خارج از Scope | H20: رد شد (ادعا نادرست) | I20: coa/apps/main/models.py:397 (raw_input); services/call.py:771 ("asr_data": raw_input if debug); models.py:395 (conversation_reform); chatbot-iva-agent/src/schema.py (messages[].text) | J20: قطعی | K20: مشترک (تصمیم سیاست) | L20: T+2 روز کاری برای تصمیم سیاست | M20: ⚠️⚠️ Transcript ذخیره می‌شود و روی Kafka منتشر می‌شود. «خارج از Scope» نادرست است. یا نگهداری را اعلام کنید یا ذخیره را متوقف کنید
A21: 3. AI Analysis | B21: AI-03 | C21: Summary Fact-based | D21: AI برای هر مکالمه یا Voice Item خلاصه کوتاهی تولید کند که فقط آنچه فرد گفته بازتاب دهد و علت/قضاوت جدید اختراع نکند. | E21: Human Reviewer بتواند Summary را با Transcript مقایسه و Faithfulness آن را تأیید کند. | G21: موجود در محصول | H21: تأییدشده | I21: coa/apps/main/models.py:372 (call_summary); chatbot-iva-agent AGENT_LLM_SESSION_SUMMARY_URL | J21: قطعی | K21: MCINEXT | L21: — | M21: ⚠️ معیار پذیرش این ردیف مقایسه با Transcript است — به AI-02 گره خورده. Faithfulness سنجیده نشده | N21: معیار پذیرش از طریق شنیدن مکالمه و بررسی خلاصه تماس امکان پذیر است.
A22: 3. AI Analysis | B22: AI-04 | C22: تفکیک چند موضوع در یک مکالمه | D22: اگر کارمند در یک تماس چند مسئله مستقل مطرح کرد، سیستم آن‌ها را به Voice Itemهای جداگانه تفکیک کند تا هر موضوع Coding مستقل داشته باشد. | E22: سناریوی غذا + ارتقا + پرتال حداقل به سه Voice Item مجزا شکسته شود. | G22: موجود در محصول | H22: نامشخص (coa-ai فریز) | I22: coa/apps/main/models.py:396 (topics JSON), 370 (category_subcategory_dict) — فقط خواندن نتیجه | J22: محتمل | K22: MCINEXT | L22: T+15 روز کاری پس از بازفعال‌سازی coa-ai | M22: منطق تفکیک چندموضوعی در python/coa-ai است که آخرین کامیتش 2025-07-13 است | N22: در سامانه تحلیل هوشمند به صورت خودکار به صورت جداگانه تشخیص داده می‌شوند.
A23: 3. AI Analysis | B23: AI-05 | C23: تشخیص نوع Voice | D23: نوع پیام مانند پیشنهاد، Pain Point، شکایت، نگرانی، سؤال/ابهام یا تجربه مثبت تشخیص داده شود؛ در صورت نیاز Multi-label باشد. | E23: پیامی که هم Pain Point و هم Suggestion دارد، هر دو جنبه را از دست ندهد. | G23: نیازمند تنظیم / Configuration | H23: نامشخص (coa-ai فریز) | I23: coa/config.py (schema تگ‌ها) | J23: محتمل | K23: مشترک | L23: T+15 روز کاری پس از تعریف دقیق EX | M23: Multi-label بودن قابل تأیید نشد | N23: نیازمند تعریف دقیق‌تر
A24: 3. AI Analysis | B24: AI-06 | C24: Theme Detection | D24: موضوع اصلی هر Voice Item بر اساس Taxonomy مورد توافق EX شناسایی شود. | E24: Coding AI روی نمونه‌های Human-coded با تیم EX مقایسه شود. | G24: موجود در محصول | H24: نامشخص (coa-ai فریز) | I24: category_subcategory_dict; GET /api/v1/analyse/calls/Thematic-analysis/category | J24: محتمل | K24: مشترک (Taxonomy از EX) | L24: T+10 روز کاری پس از دریافت Taxonomy | M24: لایه سرویس‌دهی و گزارش کامل است؛ کیفیت Coding سنجیده نشده | N24: امکان ارائه لیست ابتدایی بابت موضوعات مختلف از تیم EX به تیم MCINEXT وجود دارد.
A25: 3. AI Analysis | B25: AI-07 | C25: Sub-theme Detection | D25: در صورت وجود ساختار زیرموضوع، AI Voice را در Sub-theme مناسب قرار دهد تا گزارش بیش از حد کلی نشود. | E25: برای Voice رستوران، زیرموضوعی مانند کیفیت/تنوع در صورت تعریف Taxonomy تشخیص داده شود. | G25: موجود در محصول | H25: نامشخص (coa-ai فریز) | I25: GET /api/v1/analyse/calls/Thematic-analysis/subcategory | J25: محتمل | K25: مشترک | L25: همان AI-06 | M25: زیرموضوع در API و مدل داده پشتیبانی می‌شود | N25: موجود در سامانه که به صورت خودکار ایجاد می‌کند.
A26: 3. AI Analysis | B26: AI-08 | C26: Sentiment / Direction | D26: جهت کلی محتوای Voice در سطح Positive / Neutral-Mixed / Negative تحلیل شود؛ مبنا محتوای بیان‌شده باشد نه ادعای قطعی درباره حالت روانی فرد. | E26: جهت کلی محتوای Voice در سطح Positive / Neutral-Mixed / Negative تحلیل شود؛ مبنا محتوای بیان‌شده باشد نه ادعای قطعی درباره حالت روانی فرد. | G26: نیازمند توسعه / Customization | H26: جزئی → «تنظیم» نه «توسعه» | I26: coa/apps/main/models.py:340-345 (user_sentiment, agent_sentiment, *_meta, index دار) | J26: قطعی | K26: MCINEXT | L26: T+5 روز کاری | M26: Sentiment از قبل ذخیره می‌شود؛ فقط مقیاس سه‌سطحی و عبارت‌بندی «مبتنی بر محتوا» نیاز به تنظیم دارد. ⚠️ سلول معیار پذیرش این ردیف کپی شرح نیاز است — از EX معیار واقعی بخواهید
A27: 3. AI Analysis | B27: AI-09 | C27: Positive Signal Detection | D27: سیستم علاوه بر مشکلات و نارضایتی‌ها، تجربه‌های مثبت و بهبودهای دیده‌شده توسط کارکنان را نیز استخراج کند. | E27: بازخورد مثبت درباره یک خدمت در Dashboard/Report قابل مشاهده باشد. | G27: موجود در محصول | H27: جزئی | I27: user_sentiment (مقادیر مثبت) + models.py:373 (suggestions) | J27: محتمل | K27: MCINEXT | L27: T+5 روز کاری | M27: داده هست؛ View/فیلتر اختصاصی Positive لازم است
A28: 3. AI Analysis | B28: AI-10 | C28: Frequency Analysis | D28: تعداد و سهم Voiceهای مرتبط با Theme/Sub-theme در بازه زمانی محاسبه شود تا موضوعات پرتکرار مشخص شوند. | E28: Top Themeها براساس واحد تحلیل مشخص و Denominator شفاف گزارش شوند. | G28: موجود در محصول | H28: تأییدشده | I28: coa/apps/main/services/thematic_analysis.py; /analyse/calls/Thematic-analysis/* | J28: قطعی | K28: — | L28: — | M28: Frequency و سهم موضوعات کامل
A29: 3. AI Analysis | B29: AI-11 | C29: Trend Detection | D29: سیستم تغییر موضوعات در زمان را تشخیص دهد و Rising/Stable/Falling یا روند مشابه ارائه کند؛ صرف Volume بالا به معنی Alert نباشد. | E29: موضوعی با رشد محسوس نسبت به Baseline به‌عنوان Rising شناسایی شود. | G29: موجود در محصول | H29: تأییدشده | I29: coa/apps/trends/services/sync.py; coa/apps/trends/models.py:81 (trend_score, baseline, trend_signal, is_trend, time_series) | J29: قطعی | K29: — | L29: — | M29: Baseline و signal واقعی دارد — نه فقط شمارش حجم
A30: 3. AI Analysis | B30: AI-12 | C30: Similarity & Clustering | D30: Voiceهای مشابه بدون حذف رکورد اصلی در Clusterهای مشترک قرار گیرند تا Patternهای تکرارشونده قابل مشاهده شوند. | E30: چند بازخورد مشابه درباره دسترسی روز اول در یک Cluster مشترک دیده شوند. | G30: موجود در محصول | H30: غایب (در ریپوهای فعال) | I30: هیچ کد clustering/similarity یافت نشد | J30: قطعی | K30: MCINEXT | L30: T+20 روز کاری | M30: یا در coa-ai فریزشده است یا وجود ندارد؛ پیش از تعهد بررسی شود | N30: نیازمند تعریف دقیق‌تر از سوی تیم EX
A31: 3. AI Analysis | B31: AI-13 | C31: Emerging Theme Detection | D31: سیستم بتواند موضوع جدیدی را که در Taxonomy موجود نیست ولی چند Voice مشابه درباره آن شکل گرفته شناسایی و به‌عنوان Candidate نمایش دهد. | E31: موضوع جدید به‌زور به نزدیک‌ترین Theme موجود Map نشود و Candidate قابل Review ایجاد شود. | G31: موجود در محصول | H31: غایب (در ریپوهای فعال) | I31: هیچ کد emerging/candidate topic یافت نشد | J31: قطعی | K31: MCINEXT | L31: T+20 روز کاری | M31: همین وضعیت AI-12
A32: 3. AI Analysis | B32: AI-14 | C32: Confidence / عدم اطمینان مدل | D32: در صورت امکان Confidence خروجی‌های اصلی ثبت شود و AI در موارد مبهم بتواند Unclear / Needs Review بدهد، نه اینکه Classification قطعی بسازد. | E32: نمونه صوت یا متن مبهم به‌عنوان Low Confidence/Needs Review قابل تشخیص باشد. | G32: نیازمند توسعه / Customization | H32: جزئی | I32: chatbot-iva-agent/src/schema.py (transcript_confidence per utterance) | J32: قطعی | K32: MCINEXT | L32: T+10 روز کاری | M32: Confidence در سطح ASR از قبل روی Kafka جریان دارد؛ Confidence خروجی LLM و برچسب Needs Review غایب است
A33: 3. AI Analysis | B33: AI-15 | C33: Severity / اهمیت بالقوه | D33: در صورت امکان، شدت موضوع از Sentiment جداگانه تشخیص داده شود تا یک محتوای آرام ولی مهم از یک شکایت کم‌اهمیت متمایز شود. | E33: یک موضوع دارای پیامد جدی بتواند Severity بالاتر از Sentiment آن دریافت کند. | G33: نیازمند توسعه / Customization | H33: غایب | I33: هیچ فیلد severity مستقل از sentiment یافت نشد | J33: قطعی | K33: مشترک | L33: T+15 روز کاری | M33: trends/services/webhook.py:93 فقط severity ثابت "high" دارد
A34: 4. Segmentation & Employee Context | B34: SEG-01 | C34: دریافت دیتاست معتبر کارکنان MCI | D34: برای Pilot یک دیتاست کنترل‌شده شامل شماره تماس و Attributeهای موردنیاز کارکنان MCI در اختیار سیستم قرار گیرد. | E34: نسخه اولیه دیتاست بدون فیلدهای غیرضروری بارگذاری و قابل Mapping باشد. | G34: نیازمند تنظیم / Configuration | H34: تنظیم | I34: — | J34: قطعی | K34: EX | L34: T+3 روز کاری پس از تحویل دیتاست | M34: وابستگی کامل به EX
A35: 4. Segmentation & Employee Context | B35: SEG-02 | C35: ساختار سازمانی موردنیاز | D35: حداقل فیلدهای معاونت، اداره کل و اداره برای تحلیل Segmentها قابل استفاده باشند؛ Attribute اضافه فقط در صورت نیاز واقعی وارد شود. | E35: Voice هر تماس در Segment سازمانی صحیح Aggregate شود. | G35: نیازمند تنظیم / Configuration | H35: تنظیم | I35: — | J35: قطعی | K35: EX | L35: همان SEG-01 | M35: حداقل سه فیلد سازمانی
A36: 4. Segmentation & Employee Context | B36: SEG-03 | C36: جداسازی Context از هویت نمایشی | D36: سیستم بتواند از Context سازمانی برای تحلیل استفاده کند بدون اینکه نام یا شماره فرد را در Dashboard عادی نمایش دهد. | E36: فیلتر سازمانی کار کند ولی جدول/نمودار نام یا شماره افراد را نشان ندهد. | G36: نیازمند تنظیم / Configuration | H36: جزئی | I36: coa/apps/users/permissions.py; coa/apps/main/services/call.py:849 (view_all_calls → agent_id scoping) | J36: قطعی | K36: MCINEXT | L36: T+10 روز کاری | M36: RBAC و Row-level scoping واقعی موجود است؛ پنهان‌سازی هویت در لایه Serializer لازم است
A37: 4. Segmentation & Employee Context | B37: SEG-04 | C37: Refresh / به‌روزرسانی دیتاست | D37: فرایند به‌روزرسانی Whitelist و Mapping کارکنان مشخص باشد تا جابه‌جایی سازمانی یا تغییر شماره باعث استفاده از داده قدیمی نشود. | E37: روش Refresh، تناوب و مسئول به‌روزرسانی مستند شود. | G37: نیازمند تنظیم / Configuration | H37: غایب (فرایند) | I37: — | J37: قطعی | K37: مشترک | L37: T+5 روز کاری پس از توافق تناوب | M37: فرایند و مسئول، نه کد
A38: 4. Segmentation & Employee Context | B38: SEG-05 | C38: مدیریت Mapping ناموفق | D38: اگر شماره داخل Whitelist باشد ولی Context سازمانی آن قابل بازیابی نباشد، سیستم رکورد را Unmapped علامت بزند و از نسبت‌دادن حدسی جلوگیری کند. | E38: نمونه Unmapped در گزارش خطا/داده دیده شود و به واحد اشتباه نسبت داده نشود. | G38: موجود در محصول | H38: جزئی | I38: هیچ برچسب Unmapped در مدل داده یافت نشد | J38: محتمل | K38: MCINEXT | L38: T+7 روز کاری | M38: در توافق «موجود» علامت خورده اما شاهد کدی پیدا نشد — پیش از UAT تأیید کنید
A39: 4. Segmentation & Employee Context | B39: SEG-06 | C39: محدودیت جامعه Pilot به قرارداد MCI | D39: در نسخه اول Segmentها فقط برای جامعه MCI تحلیل شوند؛ گروه‌های قراردادی دیگر تا تعیین Source و Mapping معتبر خارج از Pilot بمانند. | E39: هیچ رکورد غیر-MCI بدون تصمیم جدید وارد جامعه Pilot نشود. | G39: نیازمند تنظیم / Configuration | H39: تنظیم | I39: — | J39: قطعی | K39: EX | L39: T+3 روز کاری | M39: محدودسازی جامعه پایلوت
A40: 4. Segmentation & Employee Context | B40: SEG-07 | C40: اتصال مستقیم به SAP و همگام‌سازی خودکار اطلاعات کارکنان | D40: سامانه به‌جای دریافت و به‌روزرسانی دستی فایل Excel کارکنان، به SAP یا سرویس واسط مورد تأیید متصل شود و اطلاعات موردنیاز کارکنان را به‌صورت خودکار دریافت و به‌روزرسانی کند. با ایجاد، جابه‌جایی یا خروج همکار در SAP، اطلاعات سامانه نیز براساس زمان‌بندی یا مکانیزم Sync مورد توافق به‌روزرسانی شود. | E40: پس از تغییر اطلاعات یک کارمند در SAP، مانند جابه‌جایی از یک اداره به اداره دیگر، اطلاعات او بدون بارگذاری Excel و در بازه زمانی توافق‌شده در سامانه EX به‌روزرسانی شود. خطاهای Sync نیز قابل مشاهده و پیگیری باشند. | G40: نیازمند توسعه / Customization | H40: غایب | I40: هیچ کد SAP/middleware یافت نشد | J40: قطعی | K40: MCI-IT (اعطای دسترسی) | L40: Phase 2 — T+30 روز کاری پس از اعطای دسترسی SAP | M40: ⚠️ بزرگ‌ترین آیتم توسعه کل توافق و خارج از کنترل تیم شما. جایگزین MVP: SEG-01 + SEG-04 (اکسل + تناوب مستند)
A41: 5. Privacy & Access | B41: PRV-01 | C41: هویت Hidden by Default | D41: نام و شماره کارمند در View عادی سامانه نمایش داده نشود، حتی برای مدیر سامانه؛ مشاهده هویت نیازمند اقدام مشخص و سطح دسترسی ویژه باشد. | E41: بازکردن Dashboard/لیست تماس‌ها هویت را به‌صورت Default نشان ندهد. | G41: نیازمند توسعه / Customization | H41: غایب | I41: grep redact|mask|anonymi|deidentif در ۸ سرویس → صفر نتیجه | J41: قطعی | K41: MCINEXT | L41: T+10 روز کاری پس از تصمیم سیاست هویت | M41: هیچ لایه پنهان‌سازی هویت وجود ندارد
A42: 5. Privacy & Access | B42: PRV-02 | C42: دسترسی هویت فقط برای مدیر سامانه | D42: در Pilot تنها Role مدیر سامانه امکان Resolve کردن هویت را در صورت ضرورت داشته باشد؛ سایر کاربران EX چنین دسترسی نداشته باشند. | E42: کاربر غیرمدیر نتواند از UI، Export یا مسیر دیگر هویت را بازیابی کند. | G42: نیازمند توسعه / Customization | H42: جزئی | I42: coa/apps/users/permissions.py (AnyOfPermission, HasPermission, PermissionGroup) | J42: قطعی | K42: MCINEXT | L42: T+10 روز کاری | M42: زیرساخت RBAC آماده است؛ Role «مدیر سامانه» و مسیر Resolve هویت ساخته نشده ⚠️ مسیر دوم: AQA روی ClickHouse Query آزاد می‌زند و ممکن است user_num برگرداند؛ کاربر DB مخصوص AQA باید فقط به View بدون ستون هویتی دسترسی داشته باشد.
... A44: 5. Privacy & Access | B44: PRV-04 | C44: خروجی مدیران به‌صورت Aggregate | D44: اگر خروجی به مدیران ارائه می‌شود، صرفاً تحلیل تجمیعی، Trend، Theme و Summary غیرهویتی نمایش داده شود؛ نه هویت فردی یا Raw Call. | E44: نمونه گزارش ارائه‌شده به مدیر فاقد نام، شماره و صوت فردی باشد. | G44: موجود در محصول | H44: تأییدشده | I44: dashboard endpoints تجمیعی (coa/apps/iva, coa/apps/main/views) | J44: محتمل | K44: MCINEXT | L44: T+3 روز کاری برای بازبینی Export | M44: گزارش‌های تجمیعی درست است، اما Export و Drill-down باید از نظر فیلد هویتی بازبینی شود
A45: 5. Privacy & Access | B45: PRV-05 | C45: Minimum Group Size / Privacy Suppression | D45: برای جلوگیری از شناسایی افراد در Segmentهای کوچک، حداقل تعداد لازم برای نمایش Drill-down یا Breakdown قابل تنظیم باشد. | E45: فیلترهایی که گروه بسیار کوچک می‌سازند داده جزئی نمایش ندهند. | G45: نیازمند توسعه / Customization | H45: غایب | I45: grep min_count|k_anon|suppress → فقط contextlib.suppress بی‌ربط | J45: قطعی | K45: مشترک | L45: T+7 روز کاری پس از تعیین حد k توسط EX | M45: هیچ Suppression گروه کوچک وجود ندارد | N45: نیازمند تعریف دقیق تر
A46: 5. Privacy & Access | B46: PRV-06 | C46: ثبت Audit دسترسی به هویت/صوت | D46: هر بار که مدیر سامانه هویت یا Raw Call را مشاهده می‌کند، کاربر، زمان و رکورد موردنظر Log شود. | E46: یک دسترسی آزمایشی انجام و Audit Event قابل بازیابی باشد. | G46: موجود در محصول | H46: رد شد | I46: grep audit|LogEntry|access_log|viewed_by|actor_id در coa-api, adcs, aiva, adcs-auth, aqa, agentlib و هر دو KB → صفر نتیجه | J46: قطعی | K46: MCINEXT | L46: T+10 روز کاری | M46: ⚠️ Audit Log وجود ندارد. آنچه هست coa/middlewares.py:26 (لاگ method/path/headers) است که Audit Trail قابل کوئری نیست
A47: 5. Privacy & Access | B47: PRV-07 | C47: Retention Policy صوت | D47: مدت نگهداری فایل صوتی خام مشخص و قابل اعمال باشد؛ نگهداری نامحدود صرفاً به دلیل امکان فنی انجام نشود. | E47: Policy توافق‌شده بتواند روی رکوردهای Pilot اعمال و حذف/آرشیو آن قابل اثبات باشد. | G47: موجود در محصول | H47: تأییدشده | I47: coa/apps/main/management/commands/archive_old_calls.py (ARCHIVE_CALLS_MONTHS, pg_dump → MinIO → delete → VACUUM، با abort-on-failure و --dry-run) | J47: قطعی | K47: — | L47: — | M47: ✅ طراحی Retention درست و قابل اثبات است
A48: 5. Privacy & Access | B48: PRV-08 | C48: Retention Policy Transcript و داده تحلیلی | D48: مدت نگهداری Transcript و داده ساختاریافته مستقل از Audio قابل تعریف باشد تا نیاز تحلیلی و محرمانگی متوازن شود. | E48: Retention هر نوع داده در مستند فنی مشخص شود. | G48: فعلاً خارج از Scope | H48: رد شد (واقعیت بهتر از ادعا) | I48: همان archive_old_calls: جدول call_ai_tags (شامل raw_input و call_summary) هم آرشیو و حذف می‌شود | J48: قطعی | K48: MCINEXT | L48: T+2 روز کاری برای مستندسازی | M48: ⚠️ دلیل ذکرشده («عدم ارائه transcribe») نادرست است. Retention داده ساختاریافته عملاً پیاده شده — این را مطالبه کنید | N48: به دلیل عدم ارائه transcribe، موضوعیت ندارد.
A49: 5. Privacy & Access | B49: PRV-09 | C49: PII Detection / Redaction در خروجی‌ها | D49: اگر کارمند در متن نام فرد دیگری یا جزئیات قابل‌شناسایی را بیان کرد، Output مدیریتی بتواند نسخه De-identified/Redacted ارائه دهد. | E49: سناریوی دارای نام شخص در Manager-facing Summary بدون PII نمایش داده شود. | G49: نیازمند توسعه / Customization | H49: غایب | I49: صفر کد redaction/PII | J49: قطعی | K49: MCINEXT | L49: T+15 روز کاری | M49: کاملاً Greenfield
A50: 5. Privacy & Access | B50: PRV-10 | C50: Sensitive Voice Detection و جداسازی | D50: محتوای بالقوه حساس مانند آزار، تبعیض، تهدید یا تخلف از جریان عادی Dashboard/Alert جدا شود و دسترسی آن محدود باشد. | E50: سناریوی حساس در Dashboard عمومی با Transcript خام ظاهر نشود. | G50: نیازمند توسعه / Customization | H50: جزئی | I50: coa/apps/main/models.py:346-348 (user_bad_words, agent_bad_words, *_meta) | J50: قطعی | K50: MCINEXT | L50: T+20 روز کاری | M50: فقط «الفاظ نامناسب» تشخیص داده می‌شود. آزار، تبعیض و تهدید تشخیص داده نمی‌شود. هرگز عدد Recall نسنجیده اعلام نکنید
A51: 5. Privacy & Access | B51: PRV-11 | C51: تفکیک دسترسی فنی از دسترسی محتوایی | D51: داشتن دسترسی Technical Admin به زیرساخت نباید به‌صورت پیش‌فرض معادل دسترسی آزاد به محتوای کارکنان باشد. | E51: Roleهای فنی و محتوایی در معماری دسترسی قابل تفکیک باشند. | G51: موجود در محصول | H51: تأییدشده | I51: python/adcs-auth (صدور توکن) + permission-based RBAC در همه سرویس‌ها | J51: قطعی | K51: — | L51: — | M51: ⚠️ adcs-auth صفر فایل تست دارد در حالی که مرجع احراز هویت همه سرویس‌هاست ⚠️ Chat APIهای aiva و adcs همه permission_classes=() هستند؛ امنیت به Gateway سپرده شده.
A52: 6. Knowledge Base Pilot | B52: KB-01 | C52: Scope Knowledge فقط اداره خودمان | D52: در MVP فقط Knowledge مربوط به اداره ارتباطات و تجربه کارکنان وارد شود تا نیاز به Multi-owner Access و Governance پیچیده ایجاد نشود. | E52: AI فقط در Domainهای تأییدشده اداره پاسخ محتوایی بدهد. | G52: موجود در محصول | H52: تأییدشده | I52: adcs_kb/knowledgebase/api.py (/qa, /list_qa, /question, /answer) | J52: قطعی | K52: — | L52: — | M52: ورود سؤال/پاسخ از پنل | N52: ورود اطلاعات از طریق پنل به صورت سوال و پاسخ ممکن است.
A53: 6. Knowledge Base Pilot | B53: KB-02 | C53: Seed Content تأییدشده | D53: تیم EX مجموعه اولیه سؤال/جواب، فرایند، لینک و اطلاعات خدمت را به‌عنوان Source of Truth آماده و تحویل دهد. | E53: محتوای بارگذاری‌شده دارای Owner و نسخه تأییدشده باشد. | H53: خارج از کد | I53: adcs_kb /import موجود است | J53: قطعی | K53: EX | L53: T+0 (تحویل EX) | M53: ستون وضعیت در توافق خالی است
A54: 6. Knowledge Base Pilot | B54: KB-03 | C54: پاسخ مبتنی بر Source معتبر | D54: AI پاسخ را از Knowledge بارگذاری‌شده تولید کند و از ساختن سیاست، شماره یا فرایند خارج از منابع جلوگیری شود. | E54: سؤال دارای پاسخ در Knowledge پاسخ صحیح و هم‌راستا با Source دریافت کند. | G54: موجود در محصول | H54: تأییدشده | I54: aiva/retrieve/qdrant.py; aiva/chat/config.py (CONTEXTS_COLLECTION_NAME, CONTEXT_RETRIEVE_THRESHOLD=0.5) | J54: قطعی | K54: — | L54: — | M54: RAG با آستانه شباهت قابل تنظیم
A55: 6. Knowledge Base Pilot | B55: KB-04 | C55: Guardrail محدوده پاسخ | D55: Agent بداند چه موضوعاتی داخل Domain پایلوت است و در خارج از آن پاسخ قطعی سازمانی تولید نکند. | E55: سؤال خارج از Scope با پاسخ کنترل‌شده مواجه شود، نه پاسخ ساختگی. | G55: نیازمند تنظیم / Configuration | H55: تنظیم | I55: aiva/prompts/guardrail.py; GUARDRAIL_COLLECTION_NAME + GUARDRAIL_RETRIEVE_COUNT; adcs_kb /guardrail | J55: قطعی | K55: EX (مستند) | L55: T+5 روز کاری پس از دریافت مستند EX | M55: Guardrail مبتنی بر مثال در Qdrant — با داده تنظیم می‌شود نه کد | N55: بر اساس مستند ارائه شده توسط EX تعریف می‌گردد.
A56: 6. Knowledge Base Pilot | B56: KB-05 | C56: I Don't Know / پاسخ ناموجود | D56: وقتی Knowledge پاسخ معتبر ندارد، AI صریحاً اعلام کند اطلاعات کافی ندارد و در صورت تعریف، مرجع جایگزین معرفی کند. | E56: سناریوی سؤال بدون پاسخ در Knowledge بدون Hallucination مدیریت شود. | G56: موجود در محصول | H56: تأییدشده | I56: aiva/prompts/guardrail.py + شاخه clarifying در orchestrator | J56: محتمل | K56: — | L56: — | M56: رفتار «نمی‌دانم» در Prompt هست؛ با Golden Set تأیید شود
A57: 6. Knowledge Base Pilot | B57: KB-06 | C57: ارسال لینک/اطلاعات با پیامک | D57: در موارد مناسب AI بتواند لینک، اطلاعات تماس یا خلاصه موردنیاز را از طریق پیامک برای تماس‌گیرنده ارسال کند. | E57: در یک سناریوی تست، لینک تأییدشده به شماره تماس‌گیرنده ارسال شود. | G57: نیازمند توسعه / Customization | H57: تأییدشده (ارتقا از Customization) | I57: aiva/tools/sms.py (POST resan.mci.dev/api/messages/send/to/); در AGENT_ENABLED_TOOLS پیش‌فرض فعال؛ chatbot-iva-agent/src/utils/sms.py | J57: قطعی | K57: MCINEXT | L57: T+5 روز کاری برای Guardrail و Rate limit | M57: ✅ ساخته شده. ⚠️ اما LLM خودش تصمیم ارسال می‌گیرد → پیش از پایلوت Rate limit و محدودسازی لازم است | N57: مشخص شدن سناریو‌های ارسال پیامک از طرف تیم EX و معرفی تیم فنی پیامکی به MCINEXT
A58: 6. Knowledge Base Pilot | B58: KB-07 | C58: ثبت سؤالات بدون پاسخ | D58: سؤال‌هایی که AI نتوانسته از Knowledge پاسخ دهد ثبت شوند تا تیم EX Gapهای دانشی را ببیند. | E58: لیست Unanswered Questions قابل استخراج باشد. | G58: نیازمند بررسی فنی | H58: غایب | I58: grep unanswered|no_answer|dont_know → صفر نتیجه | J58: قطعی | K58: MCINEXT | L58: T+7 روز کاری | M58: «نیازمند بررسی فنی» را به آیتم توسعه برآوردشده ارتقا دهید
A59: 6. Knowledge Base Pilot | B59: KB-08 | C59: FAQ / سؤال پرتکرار | D59: سیستم از روی مکالمات نشان دهد چه سؤال‌هایی پرتکرارند تا محتوای Knowledge و ارتباطات داخلی براساس نیاز واقعی بهبود یابد. | E59: Top Questions در یک بازه زمانی قابل مشاهده باشند. | G59: نیازمند توسعه / Customization | H59: غایب | I59: — | J59: قطعی | K59: MCINEXT | L59: T+10 روز کاری | M59: قابل واگذاری به AQA با یک Query آماده
A60: 6. Knowledge Base Pilot | B60: KB-09 | C60: مدیریت Knowledge توسط یک Scope محدود در Pilot | D60: در MVP نیاز به دسترسی چند Owner برای حوزه‌های مختلف نداریم؛ مدیریت Knowledge فقط توسط تیم/کاربر تعیین‌شده اداره تجربه انجام شود. | E60: هیچ Requirement توسعه Multi-owner مانع Launch Pilot نشود. | G60: نیازمند توسعه / Customization | H60: تأییدشده (ارتقا) | I60: نوشتن در KB فقط از طریق API با اقدام انسانی | J60: قطعی | K60: — | L60: — | M60: این یک «محدودیت» است نه توسعه — برای نساختن چیزی هزینه نگیرید
A61: 6. Knowledge Base Pilot | B61: KB-10 | C61: عدم Auto-update Knowledge در MVP | D61: AI می‌تواند Gapها را نشان دهد اما در نسخه اول حق تغییر خودکار Knowledge Base را نداشته باشد. | E61: هیچ تغییر Knowledge بدون اقدام/تأیید انسانی اعمال نشود. | G61: نیازمند توسعه / Customization | H61: تأییدشده (ارتقا) | I61: هیچ مسیر auto-ingest/self-update در KB یافت نشد | J61: قطعی | K61: — | L61: — | M61: به‌صورت ساختاری برقرار است
A62: 7. Analytics & Management View | B62: AN-01 | C62: Full View برای EX / مدیر سامانه | D62: یک View کامل تحلیلی برای تعداد محدودی از کاربران EX یا مدیر سامانه ایجاد شود؛ در MVP نیاز به چند Dashboard تفکیک‌شده برای مدیران نداریم. | E62: کاربر مجاز EX بتواند کل داده Pilot را طبق قواعد Privacy تحلیل کند. | G62: موجود در محصول | H62: تأییدشده | I62: coa/apps/main/views/*; coa/apps/iva/views.py; adcs/dashboard/api.py | J62: قطعی | K62: — | L62: — | M62: View کامل تحلیلی موجود
A63: 7. Analytics & Management View | B63: AN-02 | C63: حجم تماس و Voice Item | D63: Dashboard تعداد Conversationها و در صورت Segmentation، تعداد Voice Itemها را با بازه زمانی شفاف نمایش دهد. | E63: Count تماس و Voice Item با داده خام Pilot قابل تطبیق باشد. | G63: موجود در محصول | H63: تأییدشده | I63: /analyse/dashboard/calls/report; /iva/dashboard/metrics; /iva/dashboard/time-buckets | J63: قطعی | K63: — | L63: —
A64: 7. Analytics & Management View | B64: AN-03 | C64: Top Themes و Sub-themes | D64: موضوعات و زیرموضوعات پرتکرار با تعداد/سهم مشخص نمایش داده شوند. | E64: کاربر بتواند Top Themeها را برای بازه زمانی انتخاب‌شده ببیند. | G64: موجود در محصول | H64: تأییدشده | I64: /analyse/calls/Thematic-analysis/{category,subcategory} + /enums | J64: قطعی | K64: — | L64: —
A65: 7. Analytics & Management View | B65: AN-04 | C65: Trend و تغییر موضوعات | D65: Dashboard تغییر Themeها در طول زمان و موضوعات Rising/Stable/Falling را نشان دهد. | E65: یک Topic با افزایش واقعی نسبت به دوره پایه در Trend قابل تشخیص باشد. | G65: موجود در محصول | H65: تأییدشده | I65: /trends/, /trends/categories/, /trends/subjects/<id>/ | J65: قطعی | K65: — | L65: —
A66: 7. Analytics & Management View | B66: AN-05 | C66: Positive / Negative Signals | D66: خروجی فقط شکایت‌محور نباشد و تجربه‌های مثبت نیز در کنار Signalهای منفی قابل مشاهده باشند. | E66: حداقل یک View/فیلتر برای Positive Signals وجود داشته باشد. | G66: نیازمند تنظیم / Configuration | H66: جزئی | I66: sentiment در call_ai_tags | J66: محتمل | K66: MCINEXT | L66: T+5 روز کاری | M66: فقط View/فیلتر اختصاصی Positive لازم است
A67: 7. Analytics & Management View | B67: AN-06 | C67: Segment Analysis | D67: تحلیل بر اساس معاونت، اداره کل و اداره در صورت کفایت داده و رعایت Privacy ممکن باشد. | E67: فیلتر Segment روی داده Mapping‌شده کار کند و گروه کوچک Suppress شود. | G67: نیازمند توسعه / Customization | H67: غایب | I67: — | J67: قطعی | K67: مشترک | L67: T+12 روز کاری پس از تکمیل Mapping سازمانی | M67: وابسته به VIA-05 و PRV-05 — نمی‌تواند زودتر از آن‌ها تحویل شود
A68: 7. Analytics & Management View | B68: AN-07 | C68: فیلتر زمانی | D68: امکان مشاهده بازه‌های زمانی مختلف مانند روز/هفته/ماه یا Custom Range وجود داشته باشد. | E68: انتخاب بازه زمانی تمام KPIها و Trendهای مرتبط را به‌روزرسانی کند. | G68: موجود در محصول | H68: تأییدشده | I68: timeseries endpoints + پارامترهای date_from/date_to | J68: قطعی | K68: — | L68: —
A69: 7. Analytics & Management View | B69: AN-08 | C69: Drill-down تا Summary مکالمه | D69: EX بتواند از Theme یا Cluster به Voice Item/Conversation Summary برسد؛ دسترسی به Transcript یا Audio تابع Permission باشد. | E69: از یک Theme نمونه به Summaryهای پشتیبان Drill-down انجام شود. | G69: موجود در محصول | H69: تأییدشده | I69: GET /api/v1/analyse/voice/call/<call_id> (CallDetailAPIView) | J69: قطعی | K69: MCINEXT | L69: وابسته به اصلاح PRV-03 | M69: Drill-down کار می‌کند اما دسترسی Audio باید طبق PRV-03 اصلاح شود
A70: 7. Analytics & Management View | B70: AN-09 | C70: Alert / Management Signal | D70: برای موضوعات پرتکرار، Spike، Trend مهم یا مورد حساس امکان ایجاد Signal/Alert قابل تنظیم وجود داشته باشد؛ هر Voice منفی نباید Alert شود. | E70: سناریوی Spike Alert ایجاد کند ولی High Volume پایدار Alert تکراری نسازد. | G70: موجود در محصول | H70: رد شد (جزئی) | I70: coa/apps/trends/services/webhook.py:93 → severity ثابت "high"؛ هیچ آستانه کاربرپسند یافت نشد | J70: قطعی | K70: MCINEXT | L70: T+10 روز کاری | M70: ⚠️ در توافق «موجود» است ولی یادداشت خودتان می‌گوید قابل تنظیم نیست. خودتان Downgrade کنید | N70: به صورت کلی Alertها و Trendها اطلاع رسانی می‌گردد ولی قابل تنظیم توسط کاربر نیست.
A71: 7. Analytics & Management View | B71: AN-10 | C71: خروجی مدیریتی دوره‌ای | D71: سیستم بتواند Summary قابل ارائه از مهم‌ترین موضوعات، تغییرات و Signalها برای تیم EX/جلسه مدیریت تولید کند. | E71: یک Weekly/Periodic Summary از داده Pilot با Evidence قابل ردیابی تولید شود. | G71: موجود در محصول | H71: تأییدشده | I71: /trends/report/; /analyse/calls/special-analysis/timeseries/report | J71: قطعی | K71: — | L71: —
A72: 7. Analytics & Management View | B72: AN-11 | C72: Export داده/گزارش | D72: در صورت نیاز تیم EX، خروجی ساختاریافته یا گزارش قابل Export باشد تا تحلیل تکمیلی یا ارائه مدیریتی ممکن شود. | E72: Export نمونه فاقد فیلدهای هویتی غیرمجاز باشد. | G72: موجود در محصول | H72: تأییدشده | I72: coa/apps/experts/service.py (خروجی CSV) | J72: قطعی | K72: MCINEXT | L72: T+3 روز کاری | M72: باید فیلدهای هویتی از Export حذف شوند تا معیار پذیرش برآورده شود
A73: 7. Analytics & Management View | B73: AN-12 | C73: دستیار تحلیل با زبان طبیعی | D73: در صورت آماده بودن قابلیت، کاربران محدود EX بتوانند درباره کل داده Pilot سؤال طبیعی بپرسند و پاسخ همراه با شواهد دریافت کنند. | E73: سؤال «مهم‌ترین موضوع این ماه چیست؟» پاسخ مبتنی بر داده Pilot و قابل Trace دریافت کند. | G73: موجود در محصول | H73: تأییدشده | I73: python/aqa — 9,119 LOC؛ POST /api/v1/chat/message (SSE)؛ /configs/{prompts,sql-examples}؛ POST /eval/run | J73: قطعی | K73: — | L73: — | M73: ✅ قوی‌ترین دارایی نمایشی شما. تنها سرویسی که Eval Harness دارد
A74: 8. Pilot, UAT & Technical Setup | B74: TEC-01 | C74: Environment اختصاصی EX | D74: به دلیل محرمانگی داده کارکنان، محیط سرویس EX با منابع و تنظیمات مشخص و مورد تأیید ایجاد شود. | E74: Environment Pilot مستقل و قابل شناسایی از محیط‌های دیگر آماده باشد. | G74: نیازمند تنظیم / Configuration | H74: تنظیم / زیرساخت | I74: helm/cloud; dockerfiles/ | J74: قطعی | K74: MCINEXT + MCI-IT | L74: T+10 روز کاری پس از تخصیص منابع
A75: 8. Pilot, UAT & Technical Setup | B75: TEC-02 | C75: Database / Namespace / Compute | D75: زیرساخت داده، Namespace و منابع پردازشی موردنیاز قبل از UAT فراهم و ظرفیت اولیه مشخص شود. | E75: تیم فنی آماده‌بودن اجزای زیرساخت را برای شروع UAT تأیید کند. | G75: نیازمند تنظیم / Configuration | H75: تنظیم / زیرساخت | I75: helm/cloud; coa-api/docker-compose.yml | J75: قطعی | K75: MCINEXT + MCI-IT | L75: همان TEC-01 | M75: ⚠️ Celery با concurrency=1 اجرا می‌شود — سقف ظرفیت را پیش از تعهد مشخص کنید
A76: 8. Pilot, UAT & Technical Setup | B76: TEC-03 | C76: Network / Domain / Security Setup | D76: نیازهای Network، Domain و دسترسی‌های امنیتی لازم برای سرویس صوتی و پنل تحلیل مشخص و اجرا شوند. | E76: Checklist زیرساختی بدون Blocker باز پیش از UAT بسته شود. | G76: نیازمند تنظیم / Configuration | H76: تنظیم / زیرساخت | I76: ansible-roles/envoy_*; ansible-roles/ingress_controller | J76: قطعی | K76: MCINEXT + MCI-IT | L76: همان TEC-01
A77: 8. Pilot, UAT & Technical Setup | B77: TEC-04 | C77: اتصال سرشماره به سرویس AI | D77: سرشماره/شماره پایلوت به Voice Agent و Backend صحیح متصل شود و مسیر تماس End-to-End تست شود. | E77: تماس آزمایشی از شماره Whitelist از سرشماره تا ذخیره رکورد موفق باشد. | G77: نیازمند تنظیم / Configuration | H77: تنظیم | I77: chatbot-iva-agent SIP config | J77: قطعی | K77: MCINEXT + MCI-IT | L77: T+5 روز کاری پس از تخصیص سرشماره
A78: 8. Pilot, UAT & Technical Setup | B78: TEC-05 | C78: Demo / Instance آزمایشی | D78: پیش از Sign-off کامل، یک محیط آزمایشی با داده غیرحساس یا Sample برای Explore کردن محصول و کشف Gap واقعی در اختیار تیم EX قرار گیرد. | E78: تیم EX بتواند بدون داده واقعی کارکنان قابلیت‌های اصلی را مشاهده و تست کند. | G78: نیازمند تنظیم / Configuration | H78: تنظیم | I78: — | J78: قطعی | K78: MCINEXT | L78: T+7 روز کاری | M78: محیط Demo با داده نمونه
A79: 8. Pilot, UAT & Technical Setup | B79: TEC-06 | C79: بارگذاری Whitelist و Mapping Pilot | D79: دیتاست شماره‌ها و Context سازمانی جامعه Pilot با فرمت توافق‌شده آماده، اعتبارسنجی و وارد سیستم شود. | E79: نمونه‌گیری از Mappingها بدون خطای معنادار تأیید شود. | G79: نیازمند تنظیم / Configuration | H79: تنظیم | I79: — | J79: قطعی | K79: EX (دیتاست) | L79: T+3 روز کاری پس از تحویل دیتاست
A80: 8. Pilot, UAT & Technical Setup | B80: TEC-07 | C80: بارگذاری Seed Knowledge | D80: Knowledge اولیه اداره خودمان در قالب مورد قبول محصول آماده و بارگذاری شود. | E80: مجموعه سؤال‌های Golden به پاسخ صحیح بر اساس Seed Knowledge برسند. | G80: موجود در محصول | H80: تأییدشده | I80: adcs_kb /import | J80: قطعی | K80: EX | L80: T+0 | M80: اجرا توسط EX | N80: توسط تیم EX انجام می‌شود.
A81: 8. Pilot, UAT & Technical Setup | B81: TEC-08 | C81: Track A: Golden Test Scenarios | D81: مجموعه سناریوهای کنترل‌شده برای تست Featureها طراحی شود؛ مانند Voice چندموضوعی، Voice مبهم، Positive، سؤال بدون پاسخ، Sensitive و تماس قطع‌شده. | E81: برای هر سناریو Expected Result و Pass/Fail ثبت شود. | G81: موجود در محصول | H81: خارج از کد | I81: — | J81: قطعی | K81: EX | L81: T+0 | M81: سناریوها را EX می‌نویسد | N81: توسط تیم EX انجام می‌شود.
A82: 8. Pilot, UAT & Technical Setup | B82: TEC-09 | C82: Track B: Natural Use | D82: علاوه بر تست اسکریپت‌شده، اعضای اداره مانند یک کاربر واقعی و بدون متن از پیش تعیین‌شده از کانال استفاده کنند تا رفتار طبیعی محصول سنجیده شود. | E82: Feedback کاربران Natural Use جدا از Golden Scenario Tests ثبت شود. | G82: موجود در محصول | H82: خارج از کد | I82: — | J82: قطعی | K82: EX | L82: T+0
A83: 8. Pilot, UAT & Technical Setup | B83: TEC-10 | C83: Internal UAT و Issue Log | D83: تمام خطاها، Gapها، رفتارهای غیرمنتظره و درخواست‌های اصلاح در یک Issue Log واحد ثبت شوند. | E83: هر Issue دارای شناسه، شدت، Owner، وضعیت و نتیجه Retest باشد. | G83: موجود در محصول | H83: خارج از کد | I83: — | J83: قطعی | K83: مشترک | L83: T+0
A84: 8. Pilot, UAT & Technical Setup | B84: TEC-11 | C84: Retest پس از اصلاح | D84: هر اصلاح فنی یا Configuration مهم باید روی سناریوی قبلی مجدداً تست شود تا Regression ایجاد نشده باشد. | E84: Issue فقط بعد از Retest موفق بسته شود. | G84: موجود در محصول | H84: خارج از کد | I84: — | J84: قطعی | K84: EX | L84: T+0 | N84: توسط تیم EX انجام می‌شود.
A85: 8. Pilot, UAT & Technical Setup | B85: TEC-12 | C85: Success Criteria Pilot | D85: قبل از اجرای Pilot معیارهای موفقیت در چهار دسته Experience، AI Quality، Management Value و Governance تعریف شوند. | E85: Go/No-Go براساس معیارهای از قبل ثبت‌شده انجام شود، نه صرف موفقیت Demo. | H85: خالی — باید پر شود | I85: — | J85: — | K85: مشترک | L85: T+5 روز کاری | M85: ⚠️ ستون وضعیت در توافق خالی است. چهار دسته معیار موفقیت باید پیش از پایلوت تثبیت شود
A86: 8. Pilot, UAT & Technical Setup | B86: TEC-13 | C86: Failure / Red Flag Criteria | D86: مواردی مانند STT ضعیف، Alert Noise، افشای هویت، Follow-up نامرتبط یا Sensitive Detection نامطمئن به‌عنوان Red Flag از قبل تعریف شوند. | E86: برای Red Flagها تصمیم اصلاح/توقف/کاهش Scope مشخص باشد. | H86: خالی — باید پر شود | I86: — | J86: — | K86: مشترک | L86: T+5 روز کاری | M86: ⚠️ باید VIA-07 (Summary ساختگی)، PRV-03 (افشای صوت) و PRV-10 (Sensitive) را صریحاً شامل شود
A87: 8. Pilot, UAT & Technical Setup | B87: TEC-14 | C87: زمان‌بندی و Dependency ردیف‌به‌ردیف | D87: MCINEXT پس از Fit-Gap برای هر Requirement داخل Scope، Dependency و Deadline/برآورد زمانی ارائه کند. | E87: هیچ Timeline کلی بدون مشخص‌بودن Dependencyهای اصلی به‌عنوان تعهد نهایی ثبت نشود. | H87: خالی — تعهد MCINEXT | I87: — | J87: — | K87: MCINEXT | L87: T+3 روز کاری | M87: ⚠️ همین فایل پاسخ این ردیف است. معیار پذیرش خودِ این ردیف سپر شماست: بدون مشخص‌بودن Dependency هیچ Timeline تعهد نهایی نیست
A88: 8. Pilot, UAT & Technical Setup | B88: TEC-15 | C88: Go / No-Go Review | D88: پس از UAT و Pilot محدود، جلسه تصمیم برگزار شود و براساس Evidence مشخص شود محصول آماده توسعه بیشتر، نیازمند اصلاح یا نیازمند بازنگری Scope است. | E88: خروجی جلسه شامل تصمیم، Gapهای باز و Roadmap مرحله بعد باشد. | H88: خالی — فرایند | I88: — | J88: — | K88: مشترک | L88: پس از پایان UAT | M88: Go/No-Go مبتنی بر Evidence نه Demo

Sheet خلاصه
A1: خلاصه وضعیت — محاسبه زنده از شیت «ردیف‌ها»
A3: دسته | B3: تعداد | C3: درصد | D3: تفسیر
A4: — وضعیت اعلامی در توافق —
A5: موجود در محصول | B5: =COUNTIF('ردیف‌ها'!$G$2:$G$88,"موجود در محصول") | C5: =IFERROR(COUNTIF('ردیف‌ها'!$G$2:$G$88,"موجود در محصول")/87,"") | D5: ادعای «ساخته شده» — بیشترین فشار UAT روی این‌هاست
A6: نیازمند تنظیم / Configuration | B6: =COUNTIF('ردیف‌ها'!$G$2:$G$88,"نیازمند تنظیم / Configuration") | C6: =IFERROR(COUNTIF('ردیف‌ها'!$G$2:$G$88,"نیازمند تنظیم / Configuration")/87,"") | D6: بدون کد جدید؛ سریع‌ترین بخش
A7: نیازمند توسعه / Customization | B7: =COUNTIF('ردیف‌ها'!$G$2:$G$88,"نیازمند توسعه / Customization") | C7: =IFERROR(COUNTIF('ردیف‌ها'!$G$2:$G$88,"نیازمند توسعه / Customization")/87,"") | D7: توسعه واقعی؛ منبع اصلی ریسک زمان‌بندی
A8: نیازمند بررسی فنی | B8: =COUNTIF('ردیف‌ها'!$G$2:$G$88,"نیازمند بررسی فنی") | C8: =IFERROR(COUNTIF('ردیف‌ها'!$G$2:$G$88,"نیازمند بررسی فنی")/87,"") | D8: باید به آیتم برآوردشده تبدیل شود
A9: فعلاً خارج از Scope | B9: =COUNTIF('ردیف‌ها'!$G$2:$G$88,"فعلاً خارج از Scope") | C9: =IFERROR(COUNTIF('ردیف‌ها'!$G$2:$G$88,"فعلاً خارج از Scope")/87,"") | D9: هر دو ردیف با کد نمی‌خوانند — AI-02 و PRV-08
A10: بدون وضعیت (خالی) | B10: =COUNTBLANK('ردیف‌ها'!$G$2:$G$88) | C10: =IFERROR(COUNTBLANK('ردیف‌ها'!$G$2:$G$88)/87,"") | D10: KB-02 و TEC-12 تا TEC-15
A12: — وضعیت تأییدشده با کد —
A13: تأییدشده | B13: =COUNTIF('ردیف‌ها'!$H$2:$H$88,"تأییدشده*") | C13: =IFERROR(COUNTIF('ردیف‌ها'!$H$2:$H$88,"تأییدشده*")/87,"") | D13: در کد اثبات شد — قابل دفاع
A14: جزئی | B14: =COUNTIF('ردیف‌ها'!$H$2:$H$88,"جزئی*") | C14: =IFERROR(COUNTIF('ردیف‌ها'!$H$2:$H$88,"جزئی*")/87,"") | D14: بخشی پیاده — نیازمند توضیح دقیق در جلسه
A15: رد شد | B15: =COUNTIF('ردیف‌ها'!$H$2:$H$88,"رد شد*") | C15: =IFERROR(COUNTIF('ردیف‌ها'!$H$2:$H$88,"رد شد*")/87,"") | D15: ادعای توافق نادرست — پیش از جلسه اصلاح شود
A16: غایب | B16: =COUNTIF('ردیف‌ها'!$H$2:$H$88,"غایب*") | C16: =IFERROR(COUNTIF('ردیف‌ها'!$H$2:$H$88,"غایب*")/87,"") | D16: هیچ کدی نیست — توسعه واقعی
A17: نامشخص | B17: =COUNTIF('ردیف‌ها'!$H$2:$H$88,"نامشخص*") | C17: =IFERROR(COUNTIF('ردیف‌ها'!$H$2:$H$88,"نامشخص*")/87,"") | D17: در coa-ai فریزشده — بدون داده سرعت تیم
A18: تنظیم | B18: =COUNTIF('ردیف‌ها'!$H$2:$H$88,"تنظیم*") | C18: =IFERROR(COUNTIF('ردیف‌ها'!$H$2:$H$88,"تنظیم*")/87,"") | D18: Configuration یا زیرساخت
A19: خارج از کد | B19: =COUNTIF('ردیف‌ها'!$H$2:$H$88,"خارج از کد*") | C19: =IFERROR(COUNTIF('ردیف‌ها'!$H$2:$H$88,"خارج از کد*")/87,"") | D19: فرایند یا وظیفه EX
A20: خالی | B20: =COUNTIF('ردیف‌ها'!$H$2:$H$88,"خالی*") | C20: =IFERROR(COUNTIF('ردیف‌ها'!$H$2:$H$88,"خالی*")/87,"") | D20: ستون توافق خالی است
A22: — وابستگی —
A23: EX | B23: =COUNTIF('ردیف‌ها'!$K$2:$K$88,"EX*") | C23: =IFERROR(COUNTIF('ردیف‌ها'!$K$2:$K$88,"EX*")/87,"") | D23: ساعت شما شروع نمی‌شود تا EX ورودی را تحویل دهد
A24: MCINEXT | B24: =COUNTIF('ردیف‌ها'!$K$2:$K$88,"MCINEXT*") | C24: =IFERROR(COUNTIF('ردیف‌ها'!$K$2:$K$88,"MCINEXT*")/87,"") | D24: تعهد مستقیم تیم شما
A25: مشترک | B25: =COUNTIF('ردیف‌ها'!$K$2:$K$88,"مشترک*") | C25: =IFERROR(COUNTIF('ردیف‌ها'!$K$2:$K$88,"مشترک*")/87,"") | D25: نیازمند تصمیم دوطرفه
A26: MCI-IT | B26: =COUNTIF('ردیف‌ها'!$K$2:$K$88,"MCI-IT*") | C26: =IFERROR(COUNTIF('ردیف‌ها'!$K$2:$K$88,"MCI-IT*")/87,"") | D26: خارج از کنترل هر دو تیم — مثل دسترسی SAP
A28: یادداشت | D28: درصدها با فرمول COUNTIF محاسبه می‌شوند؛ اگر وضعیتی را در شیت «ردیف‌ها» تغییر دهید این جدول خودکار به‌روز می‌شود. ستاره در الگوی جست‌وجو به معنای «شروع‌شده با» است.

Sheet یافته‌های بحرانی
A1: یافته‌های بحرانی از خوانش کد
A3: # | B3: عنوان | C3: شاهد در کد | D3: معنا برای کسب‌وکار | E3: اقدام
A4: ۱ | B4: IDOR روی فایل صوتی خام | C4: coa/apps/files/views.py:19 — @with_permissions({view_calls}) و سپس minio.download(name) بدون بررسی مالکیت | D4: هر کاربر دارای view_calls می‌تواند صوت هر تماسی را دانلود کند. نام فایل از call_id مشتق می‌شود. ردیف PRV-03 «موجود» علامت خورده و نیست. روی داده صوتی کارکنان، این یافته می‌تواند پایلوت را متوقف کند. | E4: ⛔ اصلاح پیش از UAT — T+3 روز کاری
A5: ۲ | B5: Transcript ذخیره می‌شود ولی «خارج از Scope» اعلام شده | C5: coa/apps/main/models.py:397 (raw_input) · services/call.py:771 · chatbot-iva-agent/src/schema.py (messages[].text) | D5: متن مکالمه ذخیره و روی Kafka منتشر می‌شود و حتی transcript_confidence دارد. ادعای AI-02 و دلیل PRV-08 نادرست است. هم اعتبار فنی را می‌برد و هم یک ریسک حریم خصوصی اعلام‌نشده ایجاد می‌کند. | E5: تصمیم سیاست در ۲ روز: نگهداری و اعلام، یا توقف ذخیره
A6: ۳ | B6: Audit Log وجود ندارد | C6: جست‌وجوی audit|LogEntry|access_log|viewed_by|actor_id در ۸ سرویس → صفر نتیجه | D6: ردیف PRV-06 «موجود» علامت خورده است. آنچه هست coa/middlewares.py:26 است که لاگ زیرساختی است نه Audit Trail قابل کوئری. ضمناً همان میدل‌ویر تمام هدرها را لاگ می‌کند؛ یعنی توکن‌های Authorization وارد لاگ می‌شوند. | E6: Downgrade در توافق + برآورد T+10 روز کاری
A7: ۴ | B7: موتور تحلیل ۱۴ ماه فریز است | C7: python/coa-ai — آخرین کامیت 2025-07-13، در حالی که coa-api در 2026-09-27 کامیت دارد | D7: تمام ردیف‌های کیفیت بلوک ۳ (AI-04 تا AI-07، AI-12، AI-13) از کدی می‌گذرند که هیچ داده سرعتِ به‌روز ندارد. برای این بلوک ددلاین تهاجمی ندهید. | E7: بازفعال‌سازی یا تأیید پایداری پیش از تعهد
A8: ۵ | B8: هیچ سنجش کیفیتی برای AIVA و CCA وجود ندارد | C8: تنها Eval موجود: aqa POST /api/v1/eval/run — هیچ معادلی برای WER، Faithfulness یا دقت Theme نیست | D8: ۴۳ ردیف «موجود در محصول» شامل ۱۱ ادعای کیفیتی است. «موجود» یعنی implemented نه measured، ولی EX آن را measured تست می‌کند (معیار AI-06 صریحاً مقایسه با نمونه Human-coded است). | E8: Golden Set حداقلی پیش از UAT
A9: ۶ | B9: خبر خوب: Pruner مخرب وجود ندارد | C9: تمام مسیرهای حذف بررسی شد: archive_old_calls.py (آرشیو→حذف) · trends/services/sync.py:388 (بازسازی کامل) · services/call.py:448 | D9: آنچه روی وایت‌بورد به‌عنوان «حذف topic و تماس‌هایش» طراحی شده بود پیاده نشده است. همچنین TrendAnnotation عمداً denormalize شده تا یادداشت‌های انسانی از بازسازی جان سالم ببرند. | E9: اقدامی لازم نیست — این را به‌عنوان نقطه قوت ارائه کنید
A10: ۷ | B10: خبر خوب: Retention بهتر از ادعاست | C10: archive_old_calls.py — pg_dump → MinIO → حذف → VACUUM، با abort-on-failure و --dry-run | D10: PRV-07 درست است و PRV-08 هم عملاً پوشش داده شده چون call_ai_tags هم آرشیو و حذف می‌شود. شما دارید کمتر از توان واقعی‌تان ادعا می‌کنید. | E10: PRV-08 را از «خارج از Scope» خارج کنید
A11: ۸ | B11: خبر خوب: پیامک ساخته شده | C11: aiva/tools/sms.py → POST resan.mci.dev/api/messages/send/to/ · در AGENT_ENABLED_TOOLS پیش‌فرض فعال | D11: KB-06 به‌اشتباه «نیازمند توسعه» علامت خورده است. اما LLM خودش تصمیم ارسال می‌گیرد، پس وابستگی واقعی «سناریوهای EX» یک نیاز Guardrail است نه یک نیاز یکپارچه‌سازی. | E11: ارتقا به «موجود» + Rate limit در T+5 روز کاری
A12: ۹ | B12: Whitelist هست ولی جای اشتباه | C12: aiva/memory/config.py:20-21 — PHONE_WHITELIST=[] و BYPASS_WHITELIST=True · aiva_consume_kafka.py:310 | D12: این Whitelist فقط «جمع‌آوری memory» را گیت می‌کند، نه «پذیرش تماس». نیاز VIA-02 پذیرش تماس است که باید در لایه SIP پیاده شود. ضمناً پیش‌فرض روی Bypass است. | E12: گیت SIP + پرکردن PHONE_WHITELIST و BYPASS_WHITELIST=false
A13: ۱۰ | B13: AQA قوی‌ترین دارایی نمایشی شماست | C13: python/aqa — 9,119 خط · POST /api/v1/chat/message (SSE) · /configs/prompts قابل ویرایش در Runtime · /eval/run | D13: ردیف AN-12 (دستیار تحلیل با زبان طبیعی) که بلندپروازانه‌ترین ردیف توافق است، واقعاً ساخته شده و تنها سرویسی است که Eval Harness دارد. | E13: در جلسه Demo زنده بگیرید
A14: ۱۱ | B14: Long-term Memory بین تماس‌ها | C14: aiva/memory/management/commands/aiva_consume_kafka.py · ChatbotUser.memory · aiva/chat/views/session.py | D14: پس از هر تماس یک خلاصه از کاربر ساخته و در تماس بعدی به Context داده می‌شود؛ شماره و Memory در Tracing Span هم ثبت می‌شوند. برای کارکنان یک تصمیم Privacy است. | E14: اعلام در Privacy Notice یا خاموش‌کردن Consumer برای EX
... A16: ۱۳ | B16: AQA مسیر دوم به هویت | C16: aqa/agents/tools/sql_executor.py — Query آزاد، Read-only فقط با کاربر DB | D16: PRV-02 «هر مسیر دیگر» بازیابی هویت را منع می‌کند؛ AQA می‌تواند ستون شماره را برگرداند. | E16: View بدون ستون هویتی برای کاربر DB مخصوص AQA

Sheet معماری
A1: سرویس‌های فعال پایتون — کامیت در ۳ ماه گذشته
A3: سرویس | B3: خط کد | C3: فایل | D3: نقش | E3: آخرین کامیت
A4: python/coa-api | B4: 31596 | C4: 325 | D4: لایه سرویس‌دهی CCA — تحلیل، Trend، تیکت، کارشناس، داشبورد IVA، Sync با ClickHouse، آرشیو | E4: 2026-09-27
A5: python/agentlib | B5: 19188 | C5: 444 | D5: کتابخانه هسته Agent — LLM، ابزار، ReAct، Monitoring. ۱۴۰ فایل تست | E5: 2026-09-27
A6: python/aiva | B6: 11492 | C6: 121 | D6: مغز چت IVA — Orchestrator رویدادمحور: Guardrail، Intent، Classification، Clarifying، VoiceBridge، ReAct | E6: 2026-09-28
A7: python/adcs | B7: 11411 | C7: 230 | D7: نسل قبلی/موازی aiva — Chat API، پروکسی ASR/TTS، داشبورد چت، بازخورد | E7: 2026-09-25
A8: python/aqa | B8: 9119 | C8: 156 | D8: Agentic Query Analyzer — تبدیل زبان طبیعی به SQL روی داده تحلیلی. دارای Eval | E8: 2026-09-27
A9: python/chatbot-iva-agent | B9: 5671 | C9: 26 | D9: Agent صوتی Realtime روی LiveKit — SIP، VAD، Turn detection، STT/TTS، ضبط، Kafka | E9: 2026-09-28
A10: python/adcs-knowledgebase | B10: 4716 | C10: 84 | D10: میکروسرویس دانش — CRUD سؤال/پاسخ، Guardrail، Tag، Summarize، Import/Export | E10: فعال
A11: python/adcs-auth | B11: 2610 | C11: 67 | D11: احراز هویت مرکزی — صدور JWT. ⚠️ صفر فایل تست | E11: فعال
A12: python/fastlib | B12: 1740 | C12: 40 | D12: زیرساخت مشترک FastAPI — لاگ درخواست، پوشش خطا، healthz | E12: فعال
A13: python/aiva-knowledgebase | B13: 730 | C13: 17 | D13: میکروسرویس دانش AIVA — Embedding با کلاینت OpenAI-compatible | E13: فعال
A14: golang/grogu | B14: — | C14: — | D14: Ingestion اصلی CCA (Go): Kafka، MinIO، ASR با Circuit Breaker، MyMCI، Upsert در Postgres، Dead-letter | E14: 2026-09-27
A15: golang/neurobox-gateway | B15: — | C15: — | D15: Gateway مدل‌های ASR/TTS روی Triton (gRPC) | E15: 2026-09-13
A16: golang/websocall | B16: — | C16: — | D16: Voice روی WebSocket برای مرورگر | E16: 2026-09-28
A17: golang/dobby | B17: — | C17: — | D17: MCP Server برای Toolهای AIVA | E17: 2026-09-27
A18: python/coa-ai | B18: — | C18: — | D18: ⚠️ موتور تحلیل (احساسات، خلاصه، موضوع) — خارج از دامنه بررسی، ۱۴ ماه فریز | E18: 2025-07-13
A20: زیرساخت داده
A21: PostgreSQL | D21: ۱۹ جدول اصلی: voices، calls، call_ai_tags، call_records، trends، subjects، trend_annotations، tickets، experts …
A22: ClickHouse | D22: منبع نتایج تحلیل؛ چهار Daemon همگام‌سازی: clickhouse_sync، clickhouse_update_sync، failed_calls_sync، sync_canonical_mappings
A23: Qdrant (gRPC) | D23: کالکشن‌های AIVA: guardrail، aiva-contexts، aiva-instructions، aiva-classification، aiva-jokes — آستانه و top-k قابل تنظیم
A24: MinIO / S3 | D24: باکت chatbot-mci-iva برای ضبط تماس + مقصد آرشیو pg_dump
A25: Kafka | D25: تولید: chatbot-mci-iva (از Agent صوتی) · مصرف: chatbot-mci-iva-intent (ماژول memory در aiva)
A26: مدل‌های LLM | D26: google/gemma-4-31B-it (میزبانی داخلی) و openai/gpt-oss-120b — هفت نقش مستقل و هرکدام جداگانه قابل تنظیم
A27: رصدپذیری | D27: Prometheus، Elastic APM، Phoenix/OpenTelemetry tracing
